user_id,age_group,gender,ethnicity,socioeconomic_status,disability_status,education,income,location,region,state,location_detail,population_density,primary_os,primary_browser,connection_type,screen_size,browse_depth,session_duration,visitor_status,customer_value,relationship_status,occupation,interest_technology,interest_sports,interest_travel,interest_food,interest_fashion,interest_gaming,interest_arts,interest_health,interest_education,interest_finance,browsing_tech,browsing_finance,browsing_healthcare,browsing_education,browsing_professional,browsing_shopping,browsing_entertainment,activity_morning,activity_afternoon,activity_evening,activity_night,pages_per_session,seconds_per_session,browsing_travel
0,45-54,Female,White,Low,Physical,Some College,$0-$25k,Suburban,West,NY,Inner Suburb,Medium,Windows,Edge,WiFi,Medium,Medium (3-5 pages),Medium (1-5 min),Returning,Medium,Married,Administrative,0.07929986982133846,0.17461939334150037,0.07603475579058948,0.1239016524241761,0.21898092556788556,0.40984594707616906,0.42556339421882255,0.6505738930299833,0.06034444263957065,0.28965539485245145,0.26495126559143733,0.07422496354309396,0.8759985703378775,0.40722754425619034,0.5539365351344876,0.39055868493649726,0.07693053652077418,0.859861261552618,0.34320302612082904,0.21620759008776974,0.4679963206750542,5,201,
1,35-44,Female,Black,Medium,Cognitive,Bachelor's,$100k+,Suburban,Midwest,VT,Outer Suburb,Medium,Android,Edge,WiFi,Medium,Medium (3-5 pages),Short (< 1 min),Returning,High,Divorced,Other,0.5706770682378934,0.5280140870933883,0.43964600998635134,0.2798909216279226,0.04593745126577132,0.13962706147853854,0.014556089503496966,0.3235383095650847,0.22464981642813855,0.27023848074898055,0.3180925121712758,0.15754791916506505,0.2881671998466586,0.3503258927519025,0.15665173972214444,0.17106932726258647,0.12870928352944033,0.416146857529708,0.28880274883369306,0.7646047086184469,0.3012863056654961,3,28,
2,55-64,Non-binary,White,Low,None,Some College,$100k+,Suburban,Midwest,NH,Outer Suburb,Low,Windows,Chrome,WiFi,Small,Low (1-2 pages),Short (< 1 min),Loyal,Low,Single,Technical,0.3585969350023495,0.3697416318699158,0.6202934614730807,0.38998542602063835,0.5236754276123489,0.6917281016994575,0.07533026073288715,0.039379241524505934,0.0936476695308916,0.42316291794594396,0.3250284042189932,0.25019615862550865,0.3619866300388861,0.24480876009949767,0.6267147079326609,0.07880368997411705,0.3405434959229388,0.4014125810890077,0.44432107362512513,0.33981613985056464,0.20229705237252457,2,26,
3,25-34,Male,Asian,High,None,High School,$25k-$50k,Rural,Midwest,SD,Urban Core,High,Android,Chrome,4G,Medium,Medium (3-5 pages),Long (> 5 min),New,Medium,Married,Service,0.22487518956200678,0.002840251255090008,0.13328195473799487,0.017510516705846364,0.008221720096348778,0.3578433882107484,0.7204375678458296,0.17507901110629592,0.33771594696030666,0.28847753749403815,0.05980805235543345,0.2822040687676226,0.1354681281879175,0.7484278939559474,0.20213414265465202,0.13732886550603485,0.22986983929408022,0.34173236534308027,0.3409434522372172,0.184461442902646,0.9096670741599265,5,677,0.0
4,45-54,Female,White,Medium,Physical,High School,$25k-$50k,Suburban,Northeast,DC,Outer Suburb,High,iOS,Safari,4G,Medium,Medium (3-5 pages),Medium (1-5 min),New,High,Divorced,Unemployed,0.153297530922157,0.10683549656986407,0.01257057527349598,0.20194969245100766,0.3726946518712349,0.04599158343386878,0.12249436121758998,0.23626695636622083,0.18492822561111338,0.2953077124305897,0.3190135234367512,0.14219467455744636,0.7066733963197254,0.12270520236706864,0.22673743499522703,0.24564534560642123,0.04439182968001037,0.6163690139867412,0.5021990893824991,0.3289804862886497,0.8654570085061926,4,103,
5,25-34,Non-binary,White,Medium,None,Bachelor's,$50k-$75k,Suburban,Midwest,ME,Urban Core,Medium,Windows,Samsung Browser,4G,Small,Low (1-2 pages),Medium (1-5 min),Returning,Low,Single,Management,0.3219745092220763,0.6454835871883411,0.4789061760303893,0.09372644240882526,0.38235522058925464,0.20036666135811473,0.03699359085418878,0.35561325488369083,0.04483510133995372,0.03290676222406192,0.7353770157491248,0.23601059679827846,0.21767589127902315,0.28114564718015345,0.19843878783739385,0.13945543574462546,0.6865407315357707,0.417951840741225,0.7251185658870497,0.5772931121741683,0.2684561058132723,1,208,
6,25-34,Non-binary,White,Medium,Physical,Bachelor's,$0-$25k,Rural,West,NY,Inner Suburb,High,Android,Chrome,Fiber,Small,Medium (3-5 pages),Short (< 1 min),Returning,Medium,In Relationship,Professional,0.6902301218432177,0.5713320589523785,0.28788982049789064,0.14035040203947258,0.30519325794892244,0.6746970039943223,0.46585071629108893,0.02579889627692662,0.16635864547685267,0.5381930742345066,0.6070079553741919,0.14228748175400974,0.23693511079312368,0.009791447045867263,0.3563762621970783,0.1981259193274802,0.5352204638777162,0.5196750911374293,0.501803175213371,0.34897104332588835,0.46868584044575495,4,43,
7,35-44,Female,Other,Medium,None,Bachelor's,$75k-$100k,Rural,Southeast,ME,Outer Suburb,Low,Windows,Edge,4G,Extra Large,Medium (3-5 pages),Long (> 5 min),Returning,Low,Single,Administrative,0.2209829749073043,0.3580421373429441,0.033079788752786644,0.36381201666921154,0.17563196057405545,0.10427391176808223,0.07862512904386569,0.14524022208349013,0.48022499617838804,0.6508730829618226,0.55783104291685,0.2017957531347137,0.08996743873932225,0.6793205241431798,0.08662111802112091,0.6026224409604153,0.28397185240861605,0.6763038019592856,0.29201532771281224,0.5991014469380516,0.8063826147695888,5,785,
8,18-24,Male,White,Low,None,Some College,$75k-$100k,Urban,Southwest,KS,Small City,Very High,iOS,Firefox,5G,Medium,Low (1-2 pages),Short (< 1 min),Returning,Low,In Relationship,Technical,0.19584928614611513,0.4122472029855188,0.5932941627237004,0.3280455965172739,0.05868632084931896,0.26344516164216775,0.15792883205300295,0.027116743318560326,0.8631435611813165,0.2064457167899136,0.5568200962788143,0.52637370550836,0.49332080387689,0.253198132740331,0.03967848427491651,0.4230404667970814,0.30564048043955033,0.5573573776742797,0.5202309428951214,0.24596756017759616,0.7356067353229733,1,40,
9,35-44,Non-binary,Black,Medium,None,PhD,$0-$25k,Urban,Northeast,MI,Inner Suburb,Low,iOS,Firefox,Fiber,Extra Large,Medium (3-5 pages),Medium (1-5 min),Returning,VIP,Single,Sales,0.4395203380215868,0.04465034378962172,0.30810514922462906,0.4301041432501657,0.3610724421766581,0.3016292473888237,0.1791989531694271,0.3153654399739752,0.22584390660579745,0.456071100869689,0.26201089175990616,0.06573053281192967,0.41475685240096555,0.03787450365769096,0.6531042505675125,0.5029911152872408,0.1653906727664147,0.45363692973388997,0.35554717733219166,0.12709624224486318,0.6435157045602846,5,262,
10,35-44,Male,Hispanic,Medium,None,Bachelor's,$25k-$50k,Rural,Northeast,IA,Urban Core,Low,ChromeOS,Safari,5G,Small,Medium (3-5 pages),Short (< 1 min),New,Low,Married,Service,0.4766203255903003,0.50144318808389,0.44147816254733374,0.1525554726568125,0.23096507299560265,0.06034656716400143,0.4321912171101957,0.2676624699267606,0.3555493915253122,0.18544865279606446,0.3601723619335392,0.2863991352917394,0.0987548226592158,0.17367981255796064,0.3103617420750513,0.17930538992776407,0.41933787277416856,0.4123224524628253,0.7001396876025245,0.4314053590361641,0.6132708842358682,4,59,
11,18-24,Non-binary,White,Medium,Physical,Some College,$25k-$50k,Suburban,West,RI,Inner Suburb,High,Windows,Opera,Fiber,Medium,High (6+ pages),Short (< 1 min),Loyal,VIP,Married,Service,0.5930572472218408,0.5136322493045987,0.61782627722354,0.2372742982051135,0.13213571082558717,0.4294989895195524,0.4516308201928854,0.20399269128412828,0.20190550345473962,0.2233824509763821,0.8142714470377472,0.4875405736389609,0.6587001514151651,0.5669072101597585,0.16954701150386237,0.533986192762645,0.5394710763505719,0.06127541631756425,0.621606881848976,0.7012596893717149,0.6946078538525456,11,41,
12,55-64,Non-binary,Black,Medium,None,Bachelor's,$50k-$75k,Urban,Midwest,VT,Outer Suburb,Low,Android,Edge,5G,Small,High (6+ pages),Medium (1-5 min),Returning,Low,Married,Professional,0.41597985561015605,0.14098856449682623,0.2949167411026127,0.5403688920675316,0.5752902977268323,0.06296550424101882,0.11200922946511702,0.17500586633183393,0.10484663180247446,0.6361663936219997,0.12627800754236362,0.20384889275531287,0.35185469216582616,0.1621646249380508,0.4227242823494042,0.13040449172119256,0.30724020177906225,0.20192390403554553,0.7145285127508214,0.46439311473713124,0.6252926069471385,12,279,
13,18-24,Non-binary,White,High,None,Bachelor's,$50k-$75k,Suburban,West,NE,Town,Low,Android,Edge,5G,Medium,Medium (3-5 pages),Medium (1-5 min),Returning,Medium,Married,Administrative,0.08954886874678968,0.5416662729646621,0.1679136874313651,0.22816441731647566,0.16361403298068278,0.5983948113862007,0.10525930800343837,0.6793821376118797,0.07461428255022498,0.15841210774542544,0.4035951718045043,0.08247283378955404,0.5693988960825244,0.2084153220479819,0.09521533369923248,0.340084102562799,0.24105744651012737,0.6248916487050213,0.4930722699378138,0.4991678006268534,0.5166308273650686,3,114,0.0
14,65+,Male,White,Low,None,High School,$0-$25k,Suburban,Northeast,ME,Inner Suburb,High,Windows,Firefox,WiFi,Small,Low (1-2 pages),Long (> 5 min),Loyal,Low,Married,Sales,0.16914503223893834,0.015077742851029943,0.09559807473405683,0.09255613695338337,0.14426692798919918,0.047738678587843995,0.18646197355301858,0.3030540465446105,0.23832340921214987,0.23610314338616603,0.6721417868418456,0.22096674720638726,0.8574752043804935,0.3624983265001483,0.15099888618222643,0.25482907755825074,0.2940229888676653,0.6274807031807463,0.8314775065265833,0.4451626346613317,0.46525010873361117,1,308,
15,35-44,Non-binary,White,High,None,Some College,$75k-$100k,Suburban,West,ME,Inner Suburb,Medium,iOS,Edge,WiFi,Extra Large,Medium (3-5 pages),Long (> 5 min),Loyal,Medium,Married,Technical,0.10670088723040799,0.05215957808060581,0.11535471329575023,0.5066599425108979,0.38100986925489333,0.7089963357625304,0.7645878049380593,0.0826705779578934,0.13969604406829955,0.2923723388821707,0.3969579566458092,0.29453048006322546,0.14728137880528364,0.3794679304218978,0.4232373254359911,0.19924792275756695,0.3047872289990255,0.7144503821000237,0.5386399772140438,0.7283726710097127,0.23176867586732416,5,781,0.0
16,35-44,Female,White,Low,None,High School,$50k-$75k,Urban,Southeast,DE,Inner Suburb,Medium,iOS,Chrome,4G,Medium,Low (1-2 pages),Long (> 5 min),New,Low,In Relationship,Sales,0.16189133514593362,0.07318301191237407,0.13732253540576173,0.17381716098506636,0.3966896573469322,0.08146541373615931,0.08490130668523026,0.08801236769289657,0.05427450371328551,0.22403629595909336,0.30308487967933934,0.38626869557765225,0.38890726730778347,0.1902562628568215,0.18965640801014422,0.19813654721291055,0.08174262163385274,0.5998142918171955,0.5761652573602468,0.23610595669121767,0.6778289653750009,2,860,
17,35-44,Female,Black,High,None,Bachelor's,$25k-$50k,Urban,Midwest,IL,Outer Suburb,Medium,Android,Chrome,WiFi,Medium,Low (1-2 pages),Medium (1-5 min),New,Low,Single,Retired,0.364571708896345,0.44104057887912873,0.07535621442517405,0.4152707411436245,0.09333619380749399,0.3779281063031906,0.08331140285707991,0.26855334024693456,0.43367612609271333,0.8601969458817754,0.45019082434330465,0.2241750057575193,0.539364846906615,0.3382176409017728,0.28653203111811765,0.42482398803987464,0.4486235004752689,0.14226441688264593,0.15573939996401526,0.6807100570936843,0.08080131076975539,1,124,0.0
18,35-44,Non-binary,White,Low,None,PhD,$0-$25k,Rural,Southwest,ME,Town,Medium,iOS,Safari,Cable,Small,Low (1-2 pages),Short (< 1 min),Returning,Low,Married,Student,0.2976876332119547,0.4736512797334364,0.27402311755406383,0.055844495568008815,0.564009126872856,0.20637596892434856,0.2431477303049049,0.02351573136333278,0.18010907382318433,0.6289639903271156,0.3597990637106177,0.08874903266497036,0.07428368252968408,0.660944321823254,0.361849251828671,0.46115195493408184,0.42755130378568773,0.214319001715315,0.44421713386284856,0.610048846402246,0.32526566666607815,1,37,
19,35-44,Male,Black,High,None,Bachelor's,$50k-$75k,Rural,West,IN,Urban Core,Low,iOS,Edge,4G,Small,Medium (3-5 pages),Long (> 5 min),Returning,Low,In Relationship,Sales,0.5139501492109718,0.09013713795216893,0.1821365274646346,0.24255339355306657,0.21408992506253272,0.03739924680468002,0.06021259135579743,0.1483897099578706,0.18406241402431567,0.0771012447699985,0.12339756605809354,0.15551909511255257,0.0717984723393197,0.13647533324630143,0.3276394482146974,0.1921098742392195,0.45351747054213,0.30569445638558707,0.5275715122527588,0.6219190429863273,0.2061444442429978,4,491,0.0
20,35-44,Non-binary,Hispanic,High,None,PhD,$50k-$75k,Suburban,Northeast,NC,Rural,Medium,Android,Chrome,DSL,Medium,Medium (3-5 pages),Short (< 1 min),Returning,Medium,Single,Service,0.07951464349258346,0.5588045252047619,0.5281503920100539,0.11946713242539823,0.03879084004804554,0.07028891326998658,0.10799418915534877,0.2778757474750018,0.3049113313413969,0.17888926506755387,0.2704105624558213,0.13081352153703416,0.46409633022125985,0.055825815018644094,0.18146514363521737,0.24235200223535805,0.2764062561674737,0.6151957915797345,0.6710362850782223,0.4913033146355092,0.7795609459344295,5,31,0.0
21,45-54,Non-binary,Hispanic,High,None,High School,$0-$25k,Rural,Northeast,RI,Town,Very Low,Android,Chrome,WiFi,Medium,Medium (3-5 pages),Medium (1-5 min),Returning,High,Single,Administrative,0.3276953227505325,0.5132802641354464,0.22926394037586886,0.32775394269960373,0.19467491295387973,0.19959956737891446,0.014088787958277876,0.07828626513785819,0.15032516150944147,0.1307250971471715,0.2965778201542433,0.17735303944343453,0.15242276478936592,0.0574694750493882,0.15190360096990624,0.2865384284515827,0.26766714779820916,0.2736799913590408,0.3945675023912311,0.46171034533479033,0.5665698741950072,3,234,0.0
22,45-54,Non-binary,White,High,None,High School,$25k-$50k,Rural,West,DE,Small City,Medium,Android,Safari,4G,Large,Medium (3-5 pages),Short (< 1 min),New,Low,In Relationship,Professional,0.04908373318332692,0.7373963976780286,0.6370301689608676,0.604740599184583,0.3720430717171354,0.028804813300566983,0.40060362728071586,0.3826451585941851,0.18385112598454706,0.35736721714542957,0.1815873726024753,0.2616581302883916,0.09698798111780607,0.48222411309968666,0.26268930036580584,0.10577186858974943,0.12680795635965217,0.4557099481052837,0.3724915289366832,0.5382873843098879,0.6245439840765322,4,18,0.0
23,45-54,Female,White,Low,None,Bachelor's,$0-$25k,Urban,West,ME,Outer Suburb,Low,Android,Samsung Browser,4G,Medium,Low (1-2 pages),Long (> 5 min),Loyal,Medium,Married,Student,0.49271802363546385,0.2923127002871025,0.2596232541635357,0.31663835667406526,0.16677133561284718,0.24369837287141827,0.22145108084518655,0.45589809539488435,0.6390223113470821,0.6839587969872761,0.13109443176717547,0.20126738708834188,0.8217718919694605,0.3036562633408853,0.2940947406356682,0.12041305140791728,0.07463680902054592,0.2612453056082254,0.5289955949229919,0.493873477396707,0.17987824437990038,2,1126,
24,55-64,Male,White,High,None,Some College,$75k-$100k,Urban,Midwest,NH,Urban Core,Medium,Android,Chrome,Cable,Large,Low (1-2 pages),Medium (1-5 min),Loyal,VIP,Married,Technical,0.0748473874420075,0.3537473622593032,0.1692416874094086,0.6558682313180186,0.10189475471395285,0.2062660489907315,0.6738274157928438,0.02523933265815684,0.48164746382838053,0.04355655820817518,0.21559840913609638,0.377108397151396,0.40872514243197616,0.23375050475801534,0.4102881978316999,0.32917001983730937,0.3285755682433298,0.638699776871712,0.425211938462597,0.22603004638077215,0.503795130428369,1,248,0.0
25,35-44,Non-binary,Hispanic,High,None,Master's,$25k-$50k,Urban,Southeast,ME,Inner Suburb,Medium,Android,Chrome,Cable,Large,High (6+ pages),Short (< 1 min),New,Medium,Married,Professional,0.876607813561501,0.33759901500082157,0.23712455324590362,0.35910862013716155,0.07301548881686205,0.30161782106538737,0.34392708894398055,0.373136750007834,0.29526429838153145,0.03843515348329316,0.15114761575371513,0.629906255771219,0.2171224284479514,0.055215227245579146,0.08242478493599757,0.27242344731063683,0.3539275384566271,0.3971234789662132,0.4608184723447262,0.2614116980558343,0.3840557228931109,12,46,0.0
26,45-54,Male,Hispanic,Low,None,Some College,$50k-$75k,Urban,Midwest,LA,Urban Core,Low,Windows,Chrome,5G,Medium,High (6+ pages),Short (< 1 min),Returning,Low,Single,Professional,0.18635280321265751,0.3653680373795477,0.24250387831026574,0.13903825810694329,0.44044621999921346,0.042120815849553475,0.062410324317177246,0.14941686617866265,0.13753133442037133,0.43607706197215945,0.029319579854977202,0.024130879632779014,0.09046685492092167,0.6726424751661583,0.13037029277541404,0.5926756687604547,0.11039446769661262,0.8439442274196765,0.2597030986331666,0.519388081281421,0.3975262644700465,8,44,
27,35-44,Male,White,Low,None,Some College,$100k+,Urban,Southeast,IN,Inner Suburb,High,Android,Safari,WiFi,Small,Medium (3-5 pages),Medium (1-5 min),New,Low,Married,Service,0.012425611164188314,0.05743980858584243,0.4675724635897926,0.04015580185864463,0.6345111103904831,0.5149458880703024,0.4020639899060252,0.6670366164447841,0.4868881424007251,0.34230000097525787,0.4966591025012193,0.6042949782764918,0.33624351701833544,0.17265857256956485,0.47698828755174,0.14380763148704903,0.11048408177178756,0.7054474850293201,0.3158000054208343,0.7459389831945269,0.2728731859038459,4,143,
28,25-34,Non-binary,White,Medium,None,PhD,$25k-$50k,Urban,Southwest,NC,Urban Core,High,Windows,Chrome,Satellite,Large,Medium (3-5 pages),Short (< 1 min),Returning,Medium,Married,Administrative,0.1045370874465352,0.078731264215619,0.17724800100483942,0.046266980577473346,0.1704013231598188,0.07377903224191598,0.5042347606886259,0.0361391498554051,0.29093561759652614,0.045723201253967796,0.46800698247016037,0.26758934665944367,0.1740666392190387,0.04759866467255321,0.18281772761606166,0.18456611931054226,0.3422830496201132,0.2621128387550617,0.4607086461536575,0.5360883615148488,0.5929298399488148,3,55,
29,35-44,Female,Black,Low,None,Bachelor's,$25k-$50k,Rural,Southeast,IN,Urban Core,High,iOS,Edge,4G,Small,Medium (3-5 pages),Short (< 1 min),Returning,Low,Single,Management,0.31441614643566396,0.0025290175219610596,0.508374821569525,0.3217333721378845,0.2070178119469365,0.5300680265350017,0.660930612373084,0.025988224208016882,0.28135052428320023,0.5609901765817277,0.2036763428727518,0.33417388252495894,0.42378624910659696,0.39862782756230547,0.19253255157387242,0.2118080674250408,0.29582631567450085,0.42714060443048335,0.17181759596302384,0.0944111198030019,0.48443959766039363,3,46,
30,35-44,Male,Other,Low,None,Master's,$0-$25k,Suburban,Northeast,IN,Inner Suburb,Very High,Windows,Safari,WiFi,Large,Medium (3-5 pages),Medium (1-5 min),Returning,Low,Married,Sales,0.0866252997149079,0.01651259595663144,0.09543695034880972,0.29689506175563474,0.021810362325773266,0.22670539540624227,0.661515830245605,0.3281812449163315,0.17637766464402,0.15823448774906582,0.5532947741111394,0.20903947543726575,0.19945479297357424,0.0406960415073387,0.12393546049327708,0.4396098856208824,0.2865413186126253,0.3685283595018764,0.3388276872183232,0.2648989966199816,0.40653785685191124,5,294,
31,65+,Male,White,High,None,Some College,$50k-$75k,Rural,Midwest,FL,Inner Suburb,Medium,iOS,Safari,5G,Medium,Medium (3-5 pages),Short (< 1 min),Returning,Low,Married,Administrative,0.5561294558750386,0.4254302184561313,0.36360328132374964,0.43785302747433724,0.5839184207100234,0.5365056799191713,0.05130251533667332,0.21352478370602462,0.4513006312619024,0.42877599338420047,0.19449391116949616,0.6650990753584396,0.8199479632578905,0.2181337880408715,0.10034212402425557,0.5209411408988142,0.2824507574010264,0.9253553751951047,0.5087625027084202,0.23089013617780574,0.850848638416689,3,19,0.0
32,35-44,Non-binary,Indigenous,Low,None,Bachelor's,$0-$25k,Urban,West,DC,Rural,Very High,Android,Chrome,5G,Medium,Low (1-2 pages),Short (< 1 min),Returning,Medium,In Relationship,Management,0.22872353567007878,0.2714210501525243,0.042097229680260806,0.7387194991093247,0.39836584653269463,0.19855137223399744,0.20012069999303908,0.35622133750566665,0.10633932959884991,0.22540454563325743,0.3237937835603826,0.2963078888897039,0.11403793332437488,0.22541371529483498,0.12359198381306218,0.2947332651279675,0.007136811277541834,0.6747967681720187,0.3582210058117302,0.2564122978882086,0.26414446084079257,2,13,
33,18-24,Female,Hispanic,Medium,Physical,Bachelor's,$50k-$75k,Suburban,Southeast,PA,Inner Suburb,Very Low,iOS,Safari,Fiber,Extra Large,Medium (3-5 pages),Medium (1-5 min),Returning,High,Widowed,Service,0.4498635710856461,0.1861010023034481,0.05982466343416687,0.33566617813245847,0.40238256421466967,0.12032758525706537,0.09976472394721161,0.07024214181370406,0.2536325459825999,0.12899465323671097,0.7445916000533853,0.2916680531470214,1.0,0.22127963873823306,0.2081826403859576,0.27711668011380974,0.24646675155326409,0.5461237951948492,0.4958101347296191,0.5559131297431457,0.38992564298970295,4,100,
34,25-34,Non-binary,White,Medium,None,Bachelor's,$0-$25k,Urban,Midwest,AL,Urban Core,Medium,Windows,Chrome,4G,Medium,Low (1-2 pages),Short (< 1 min),Loyal,High,In Relationship,Professional,0.16463168381621424,0.2200762374942646,0.3047741222616738,0.21075024153854163,0.5406166033483069,0.5073421040541376,0.0006370102518844399,0.5823100361241923,0.5101934772873461,0.6975705943438737,0.7930239099082126,0.13386681020232047,0.35902919843396186,0.43876785614932634,0.0936697366463538,0.24338583085389004,0.37739878181492037,0.9091943991713591,0.6595932183527932,0.47974791003975137,0.7743488002865826,2,56,
35,35-44,Female,Indigenous,Low,None,Bachelor's,$0-$25k,Suburban,Midwest,NC,Outer Suburb,High,Windows,Chrome,4G,Small,Low (1-2 pages),Short (< 1 min),Returning,Low,Divorced,Administrative,0.5291732153483232,0.5980630273022495,0.2320526993686215,0.09019302850626945,0.8449031259291641,0.28615067809782685,0.2788768350675234,0.01593731785994473,0.2226388179189093,0.5050344052593013,0.10684959935178755,0.35823184537528613,0.37468335819671206,0.055592533144531456,0.6475329406151827,0.5837650596894717,0.10952908468696819,0.6319020116919782,0.8581751827199842,0.8117498458440494,0.08669280806996013,2,20,
36,55-64,Non-binary,Black,Medium,None,High School,$50k-$75k,Urban,West,MA,Inner Suburb,Very Low,Android,Firefox,5G,Small,High (6+ pages),Long (> 5 min),New,Medium,In Relationship,Technical,0.5809746966550924,0.3918761612834985,0.13562377879603127,0.043402947449887076,0.2350362238886238,0.15070377808238342,0.04631807028101146,0.07477852832140536,0.13880002529458235,0.4469832214068664,0.19036270878718814,0.030627114502124728,0.7807722189677988,0.684787162607512,0.21236143774169663,0.2302990847443658,0.6411822786766765,0.26148430587948124,0.5643104522775417,0.7317992662465329,0.7856103408797933,11,898,
37,35-44,Female,White,Medium,None,PhD,$25k-$50k,Suburban,West,DE,Inner Suburb,Medium,iOS,Safari,4G,Large,Medium (3-5 pages),Long (> 5 min),Loyal,Medium,Married,Professional,0.24055307557831232,0.43633710898044953,0.7031204945177469,0.21689542453597288,0.13012274753152034,0.04784960553277373,0.22115750435054088,0.426403150052187,0.03682198810646026,0.6918312441796949,0.7320829780866843,0.13403820068019634,0.47410829261230697,0.10005411481912913,0.3894443863864666,0.6331138545583415,0.23893957600426846,0.4011892798267401,0.12385688265935124,0.576183648509135,0.5915776702384581,5,670,
38,18-24,Female,Hispanic,Medium,None,Some College,$0-$25k,Urban,Southeast,ME,Inner Suburb,Medium,Android,Chrome,5G,Small,Medium (3-5 pages),Short (< 1 min),Returning,Low,Married,Student,0.05809339966779827,0.3142954416466492,0.49037653276825727,0.06024342786496885,0.2741892597317074,0.1770690219180469,0.15366727076109285,0.4227468236954728,0.1308516323278933,0.3068139080132281,0.6481264905155009,0.3747228076216123,0.49373423012420964,0.2266346207836931,0.5701152743190936,0.32871177042489275,0.375141290432007,0.597410705591822,0.4771406233376284,0.6048178650160235,0.6595874635602711,4,8,
39,25-34,Male,Black,Medium,Physical,High School,$100k+,Urban,West,VT,Urban Core,Low,Windows,Edge,Cable,Small,Medium (3-5 pages),Medium (1-5 min),New,Low,Married,Technical,0.606451147027767,0.10651633875924509,0.44133392247259645,0.043148375767630094,0.046852020228133694,0.34035191293320466,0.3388016544893849,0.24480621262635346,0.6366683915147276,0.08130423557122814,0.8166653190480884,0.19437195168451946,0.1203241404619192,0.32617680041823405,0.3145248194974861,0.07863762744468515,0.4519097791794686,0.25213343046719544,0.42209950462357676,0.7081886834655796,0.5346125856092911,4,107,
40,35-44,Non-binary,Hispanic,High,None,Some College,$100k+,Suburban,Midwest,ME,Outer Suburb,Low,iOS,Safari,5G,Medium,Low (1-2 pages),Medium (1-5 min),New,Low,Single,Student,0.30014506966524174,0.16538702325591137,0.3239315988696382,0.09159457367018387,0.2433285472132406,0.5129488096758935,0.3553836222257701,0.12806075266191344,0.6813816839894662,0.40226483818438286,0.2093885996329102,0.299894816959789,0.24891088661613836,0.11076044398316642,0.028791907011772214,0.40260865016407443,0.19331542253910725,0.6075941038158017,0.5863248644477693,0.5438759510484954,0.1911916142594132,1,228,0.0
41,35-44,Non-binary,Indigenous,Low,None,High School,$0-$25k,Rural,Midwest,MD,Outer Suburb,Medium,MacOS,Safari,WiFi,Small,Medium (3-5 pages),Medium (1-5 min),Loyal,Low,Single,Student,0.5871903248091582,0.4497246973803144,0.19575716203980426,0.24870998889884063,0.37650003786076935,0.011892178453740512,0.16297573352051412,0.31280633287994375,0.2805797293046804,0.16469450008752906,0.48307291413750714,0.2980646100780486,0.43648410268204846,0.03462066602651113,0.18219171365212042,0.48988293882678463,0.24695164125974176,0.5118705619266926,0.2980891666195341,0.09824278758317613,0.6961370180756199,4,89,
42,35-44,Female,White,Medium,None,Some College,$50k-$75k,Urban,Southwest,DE,Town,Medium,MacOS,Chrome,5G,Medium,High (6+ pages),Short (< 1 min),Returning,Medium,Divorced,Unemployed,0.5087186357445715,0.24974134850375238,0.4617623346323433,0.10597645857560106,0.415815365690222,0.17189942590460497,0.1283000220539556,0.25630699425189496,0.4929422771281892,0.3718050293178585,0.36499588909386566,0.21418494951259784,0.10124267457976192,0.23741662753278864,0.25752714256740794,0.406625280620914,0.5008427213095716,0.16924189855043534,0.6781387824471111,0.3334466044377228,0.3440101135152522,13,46,
43,35-44,Non-binary,Indigenous,High,None,PhD,$100k+,Suburban,Southwest,AL,Inner Suburb,Very High,iOS,Samsung Browser,WiFi,Medium,Medium (3-5 pages),Medium (1-5 min),Returning,Low,Married,Administrative,0.24410869082479056,0.1641287950856696,0.3144574039869373,0.8042238155438765,0.28471495259650564,0.11101110587347877,0.2814778877313472,0.5824706388484329,0.10165657400346652,0.22196035535125072,0.06807525805112477,0.6172154784909267,0.47809576886632915,0.22716098005445193,0.06775322243226188,0.11200840849035044,0.29193995123597344,0.3953658225854581,0.23262734076112906,0.3140164689724111,0.18752321796707747,4,175,0.0
44,35-44,Female,White,High,None,Bachelor's,$100k+,Rural,Southeast,MD,Inner Suburb,High,iOS,Safari,WiFi,Small,Medium (3-5 pages),Medium (1-5 min),Returning,Low,In Relationship,Professional,0.46218802042493484,0.538674562511742,0.33023941295965215,0.4470527704203403,0.16787333640501684,0.08773925932409078,0.2696002958890641,0.11021945524410272,0.252943186552588,0.6396419148266406,0.41930379540453594,0.2841852201476049,0.3789639678455354,0.5813594243899762,0.11986748125710556,0.21136989630253608,0.5285926911870654,0.5763066861568537,0.533235256715792,0.07267212673650394,0.1821521317581708,3,206,0.0
45,45-54,Male,Indigenous,Low,None,Bachelor's,$50k-$75k,Urban,West,NY,Urban Core,Very Low,iOS,Chrome,WiFi,Large,Medium (3-5 pages),Medium (1-5 min),Loyal,Medium,Divorced,Service,0.3739979957539512,0.33691413858673547,0.03080834307569793,0.4693585989357351,0.4077866633646438,0.061330988099419365,0.16380421603146883,0.08944258596373754,0.3758835441316274,0.5768878615217393,0.4824975771899429,0.385819209996973,0.5566136263648743,0.21214759667887556,0.040418883992529006,0.07022804932601573,0.1069351853748156,0.27768564926842554,0.07403470303550372,0.8647681038657753,0.3888324636533479,4,298,
46,25-34,Non-binary,Other,High,None,High School,$50k-$75k,Rural,Northeast,NH,Small City,Medium,iOS,Chrome,WiFi,Medium,Low (1-2 pages),Long (> 5 min),New,Medium,Married,Administrative,0.4566260322336391,0.5107482309377152,0.15767795658529446,0.06259536316270223,0.1387220807005343,0.10419909164601686,0.08195098008931152,0.06512656510981603,0.6018177362905731,0.2541100631425629,0.40470573307603896,0.7367600208104398,0.45782163778216545,0.41391777731024043,0.7375047142378827,0.31072427202295,0.4530805447423739,0.8434933470330831,0.5753548736932426,0.5679491577307106,0.4105692973671154,1,367,0.0
47,45-54,Non-binary,Asian,Medium,None,Bachelor's,$75k-$100k,Suburban,Southeast,ME,Urban Core,Medium,Android,Chrome,WiFi,Medium,Medium (3-5 pages),Medium (1-5 min),New,Low,Married,Sales,0.3777137531214468,0.175060856873646,0.17496026036798762,0.7804201559743086,0.5057346017415407,0.36217066500587514,0.8505931058669303,0.10511093902764725,0.013294117012971535,0.5498203240522902,0.2692948179094215,0.23973730205618113,0.21647563494080466,0.2671137664811214,0.08638679580536997,0.28664268987035185,0.288258780891511,0.327062907946005,0.406897467608773,0.6676580591948812,0.5218527378470748,3,136,
48,45-54,Non-binary,Hispanic,Low,None,Some College,$50k-$75k,Rural,Midwest,NH,Town,High,Android,Chrome,WiFi,Large,Low (1-2 pages),Medium (1-5 min),New,Low,Single,Student,0.09485510674439694,0.1812634464800829,0.032870464677613814,0.16960504658447642,0.5007714635107865,0.5408570825679767,0.21131623678723094,0.2272982924434827,0.04427251331429085,0.21794558819664808,0.13727334097473992,0.0718721354813926,0.21626664048997207,0.048258253601617826,0.7789355007908073,0.2463753078103615,0.4108443420739629,0.28742264502170745,0.6785336037361457,0.7982019818996303,0.13737223195570517,1,174,
49,25-34,Female,Hispanic,High,None,High School,$25k-$50k,Urban,Southeast,PA,Inner Suburb,Very Low,Android,Chrome,WiFi,Medium,High (6+ pages),Medium (1-5 min),Returning,Medium,Single,Service,0.19726536874089215,0.4023115872547495,0.14874608668974476,0.5975081509462736,0.09977461797811092,0.16383654934811936,0.5008224859068542,0.04421955321748639,0.39973131839453546,0.29060428059212173,0.11186688503866105,0.3624202643527161,0.06512104426690167,0.28210807085406053,0.21958604548865845,0.17937653348803315,0.19856201385877692,0.40296913356922437,0.2337629879900714,0.421122435141637,0.37411819268079777,13,212,0.0
50,55-64,Female,White,Medium,None,High School,$50k-$75k,Suburban,Midwest,TN,Inner Suburb,Low,Android,Safari,Fiber,Medium,Medium (3-5 pages),Short (< 1 min),Returning,High,Married,Sales,0.37371324493756997,0.09057985916080555,0.20376762773530205,0.3272465639768107,0.33444344600631976,0.018945723407313955,0.036844103971353105,0.28853686760995834,0.19449282378576038,0.7018749163322776,0.1722611164078935,0.41448437638942504,0.5813160562143558,0.43695245135510385,0.31230667685045316,0.10774136569202987,0.16398521001430325,0.2754621209445635,0.7858378990886354,0.9537124773378869,0.5625001368272453,4,53,
51,25-34,Female,Hispanic,Medium,None,Some College,$50k-$75k,Urban,Midwest,ME,Outer Suburb,Medium,MacOS,Safari,5G,Small,Medium (3-5 pages),Short (< 1 min),Returning,Medium,Married,Professional,0.24142054747459538,0.3061194081523903,0.2944351429249947,0.4130390512484984,0.36710523564050573,0.04369468980624374,0.20249905650064656,0.30641025579000747,0.36179942224767475,0.3169501715752167,0.8015897221905459,0.4578262329586096,0.2935383202585363,0.37765348386072384,0.49779873207806485,0.2700050287612271,0.5116948229216124,0.2728269231233473,0.9053711010776477,0.5566247414067154,0.36934335850293415,5,21,
52,25-34,Female,Asian,Low,None,Bachelor's,$75k-$100k,Urban,Southeast,VA,Inner Suburb,Very High,iOS,Chrome,4G,Medium,Medium (3-5 pages),Short (< 1 min),Loyal,Low,Married,Professional,0.49420127804393016,0.1389086656964786,0.144607128812767,0.39731201126454607,0.17947634928559564,0.40296248301841486,0.32439386979594587,0.28702526929561656,0.07536293702762938,0.33635638639684035,0.8060053424887555,0.23213539930045018,0.2442411102875151,0.37030204846451137,0.5028926426177712,0.4085561370202925,0.17678611995584256,0.3197303351086492,0.0783189241792588,0.19349297269410823,0.4887613096031132,3,37,
53,55-64,Female,White,Medium,Cognitive,Some College,$0-$25k,Rural,Midwest,MI,Rural,High,iOS,Firefox,Satellite,Large,Medium (3-5 pages),Short (< 1 min),New,Medium,Married,Professional,0.292537469190478,0.15981991628117995,0.4343537061284203,0.13873951304156626,0.1896819260867394,0.05522330738127672,0.34922997045739385,0.31664657238384486,0.3019834346799287,0.12961383131585466,0.05494950129280864,0.33571330482737094,0.9057224910982115,0.22769063842966186,0.41847781697661807,0.2008408187610247,0.3177371952788951,0.5426168444904811,0.41025031767006365,0.2913539975111765,0.3492063368949647,5,30,
54,25-34,Female,Hispanic,Medium,None,Bachelor's,$25k-$50k,Rural,Southeast,NC,Outer Suburb,High,iOS,Safari,WiFi,Small,High (6+ pages),Short (< 1 min),Returning,Low,In Relationship,Management,0.4268753409028861,0.2798821304920873,0.2566428703503119,0.08841930190982845,0.31564381817152776,0.169229067868944,0.37054970652343716,0.1698747568726728,0.18914209715676192,0.3132374261657587,0.11972169912952897,0.10974143440612015,0.45149170110824344,0.44514151961308923,0.17127073853663838,0.17738052057604475,0.1430737753040477,0.4848557920378191,0.27161946386538544,0.1940527104992201,0.13508658431528242,14,50,
55,18-24,Male,Black,Medium,None,Bachelor's,$25k-$50k,Rural,Southeast,WI,Inner Suburb,Very High,Windows,Chrome,WiFi,Medium,High (6+ pages),Medium (1-5 min),New,Medium,Single,Professional,0.33528292803858434,0.2805592888950611,0.2852579427829412,0.4653530716483448,0.09858962119535604,0.5277693876892704,0.4915159508208732,0.4692493809974489,0.12984324754727358,0.475891833550704,0.07228612846411772,0.10654302909570697,0.46716254190962286,0.2213729632427085,0.11341332979112582,0.3586990763502481,0.2438407447519434,0.7089692453190869,0.37851322913924623,0.7826458714452157,0.7019466026885032,13,173,
56,25-34,Male,White,Low,None,Bachelor's,$100k+,Suburban,West,VA,Urban Core,Medium,iOS,Chrome,5G,Medium,Medium (3-5 pages),Medium (1-5 min),New,Low,Married,Professional,0.2487544946030448,0.3238294315662043,0.2926560562514484,0.2859616401548633,0.2730771545032844,0.10934644335079226,0.16024013953513605,0.17571177594039578,0.11103424221656219,0.29843828453034815,1.0,0.08457741655871549,0.5863993763473176,0.2177924660156757,0.22142726317981634,0.1540186878693774,0.6020973008536816,0.8636363271927112,0.5274443822785227,0.11387004929241169,0.7967568659933288,5,120,
57,18-24,Female,Indigenous,Medium,Sensory,High School,$100k+,Rural,West,NE,Urban Core,Medium,Android,Samsung Browser,5G,Small,High (6+ pages),Long (> 5 min),Returning,Low,In Relationship,Technical,0.1369923585379504,0.48828683161828257,0.5971003727906848,0.28711994887896225,0.2573975590678669,0.2925398755524735,0.18376669440340732,0.1550393239391176,0.14773819930790147,0.1873754040847258,0.5448724715514808,0.139664396983504,0.1331705389077499,0.3403021217594558,0.11649991247497828,0.3525176678548421,0.3997247061898624,0.09394144679537418,0.31969390476189047,0.5950162226877828,0.673973798234612,13,764,
58,25-34,Non-binary,White,High,None,Bachelor's,$0-$25k,Suburban,Midwest,NY,Urban Core,High,iOS,Chrome,WiFi,Small,High (6+ pages),Medium (1-5 min),New,High,Married,Student,0.034258801205154635,0.3886188998710034,0.2635866569527635,0.8784680451033084,0.43783500303177536,0.20792454158912743,0.12397829267915031,0.15561400870439165,0.34751663539929367,0.4245134474047737,0.45443744882294845,0.2942190839663329,0.14961349472503646,0.1590703527163217,0.32224669269235334,0.4355755742297439,0.8172798441244253,0.35541154700252925,0.6489439078321061,0.05325151998879165,0.7632832383233532,12,231,0.0
59,25-34,Male,Black,Medium,Physical,Bachelor's,$50k-$75k,Urban,Midwest,ID,Inner Suburb,Low,iOS,Chrome,4G,Small,Medium (3-5 pages),Medium (1-5 min),Returning,High,Widowed,Student,0.29276416564525104,0.1909145778912637,0.07795963941287153,0.1664608313321772,0.5553191345300229,0.7452686943267729,0.2433265928396297,0.5758481061949812,0.33630639560516273,0.25336799724419906,0.1663114644161717,0.23794408291123334,0.5610011458141391,0.2845761335640993,0.0480638623561698,0.46694462244755036,0.47507820596189854,0.1908537741298945,0.41988141895547876,0.6236521146379946,0.38121599843633325,4,279,
60,65+,Female,Asian,High,None,Bachelor's,$25k-$50k,Urban,Midwest,ME,Inner Suburb,Medium,iOS,Safari,4G,Medium,High (6+ pages),Medium (1-5 min),Loyal,Medium,Divorced,Professional,0.002281205238420977,0.5574651117302909,0.08287122138702152,0.05325864531730531,0.048682880964215365,0.22784088893282556,0.37362788402305835,0.7547573854195095,0.6674211821822597,0.27197238433322946,0.11022037720435161,0.6699554602195616,0.7732023734946016,0.3602259518349441,0.30322958677044287,0.1321213411833988,0.09354438911713911,0.4490014132176931,0.4000371672939355,0.8261424226466442,0.5105161486408509,13,166,0.0
61,45-54,Female,Other,Low,None,High School,$25k-$50k,Rural,Southeast,VA,Inner Suburb,Low,MacOS,Opera,5G,Medium,Low (1-2 pages),Long (> 5 min),Returning,Medium,Widowed,Retired,0.010798390599150245,0.4011103179107914,0.5324779402447014,0.49758834911435135,0.4054138881262095,0.10141045160390028,0.17602305327193432,0.25837300150075493,0.8417356206940189,0.23856072960069283,0.1264711347217148,0.5824471316065204,0.24363595712436859,0.36780793816915186,0.19566677201086763,0.37103194649527993,0.3861445506091241,0.6040177164390477,0.4891459491799146,0.6073113511646879,0.8071489961855237,1,973,
62,25-34,Non-binary,Black,Medium,None,Master's,$0-$25k,Suburban,Midwest,DE,Small City,High,iOS,Chrome,DSL,Medium,High (6+ pages),Medium (1-5 min),Returning,Low,Married,Professional,0.32738956173371503,0.31225050909028806,0.0231954840103077,0.5477621324854404,0.3485397725916839,0.1639395176168354,0.4014444442508788,0.6119245823064559,0.578954610759109,0.35739281463293326,0.6315762877633073,0.4810829961176913,0.36231954281426887,0.15459537228215317,0.33401732626763825,0.32774110483920654,0.3931201931653142,0.3790896785482042,0.7129647142323948,0.2130661401467928,0.26410907377381365,13,72,
63,45-54,Non-binary,White,Low,Cognitive,Some College,$0-$25k,Urban,Midwest,NY,Outer Suburb,Very High,iOS,Edge,4G,Medium,Medium (3-5 pages),Medium (1-5 min),Loyal,Low,Married,Technical,0.40319383185693924,0.43333071832058917,0.2735507932569064,0.251928246896368,0.3063194413866282,0.46399915195501,0.233157186137441,0.43121032500086665,0.1364323953954759,0.707081383465344,0.057485768007502235,0.24410825024167151,0.3849176135431021,0.0877617484042802,0.2668856373084489,0.23037136701791613,0.11833366974351718,0.3765542942609268,0.6100914571097388,0.452049496334568,0.5009690008131541,3,284,
64,25-34,Non-binary,White,High,Physical,Bachelor's,$25k-$50k,Suburban,Midwest,PA,Inner Suburb,Very Low,Windows,Safari,5G,Medium,Low (1-2 pages),Medium (1-5 min),Loyal,Low,Single,Technical,0.34407609029415614,0.4749783005569161,0.15824992767540846,0.33968434132569586,0.37908164500650565,0.41537592736253265,0.08763213193723858,0.3177022716136894,0.07978352809812199,0.28703382577661307,1.0,0.37544210608859024,0.42134240450611316,0.6673882577187175,0.3400483655242592,0.6984712749390012,0.0681439425822943,0.6490229793938901,0.5732220524605746,0.39203635973123435,0.4143854626215269,2,294,0.0
65,55-64,Non-binary,Hispanic,Low,None,Bachelor's,$50k-$75k,Urban,Midwest,CT,Urban Core,Medium,Windows,Safari,WiFi,Large,Medium (3-5 pages),Medium (1-5 min),New,Low,Single,Student,0.14973096994542495,0.26065792789123543,0.1004947030473807,0.40977284585320545,0.4101079784468135,0.10532258356428544,0.19367319272954722,0.28855670219223717,0.1858111580127269,0.7347946070469272,0.1584351740929332,0.8088541715646198,0.5130699134681358,0.13794088139922084,0.11547151120414166,0.46962148900174455,0.2067080803289352,0.7080075952381821,0.49971536924350085,0.35819391190799266,0.7415322068518365,5,111,
66,18-24,Female,Black,Medium,None,Master's,$100k+,Urban,Northeast,LA,Town,Medium,Windows,Chrome,WiFi,Large,Medium (3-5 pages),Short (< 1 min),Returning,Low,Single,Professional,0.2603861506579011,0.5600858598076927,0.030190593345845743,0.8399995818874382,0.5378377268225096,0.6573229898869656,0.3505225814836772,0.1675761627830117,0.34705172636750214,0.2586377345870892,0.36153738735811686,0.23292090560069306,0.3668357851407588,0.38034351795931187,0.12195810392408467,0.40921678216232754,0.19160021164596938,0.3900996888467195,0.4831065789478705,0.4364981370638944,0.5036755907737497,3,58,
67,65+,Male,Hispanic,High,None,Master's,$75k-$100k,Urban,West,OH,Small City,Very Low,Windows,Safari,WiFi,Small,Medium (3-5 pages),Medium (1-5 min),New,Low,Single,Unemployed,0.43057100386798536,0.07121508213864226,0.20476676709443173,0.24598055354132314,0.4406241867395555,0.5487916253140008,0.17554073217787647,0.3074698014596702,0.010581824198874266,0.2563660279755669,0.07564951205604609,0.6414340661430888,0.2945528265268388,0.09347031806195233,0.10185747986040473,0.27576285579208526,0.5679544081320694,0.6875995120701672,0.6568013778547431,0.1528192619837992,0.9078814078542835,5,296,0.0
68,25-34,Female,White,Low,None,Master's,$50k-$75k,Rural,Midwest,VT,Small City,Very High,MacOS,Edge,WiFi,Small,Medium (3-5 pages),Long (> 5 min),Returning,Low,Single,Retired,0.15297758190131405,0.28252833022057516,0.7121206484095964,0.1904646915927315,0.054357539146127065,0.3853486092261661,0.23524103305933394,0.017089482637096608,0.041782290556780274,0.07895867068702597,0.06283128810815952,0.41647331308275215,0.22158162840410583,0.3452418741456257,0.26381197365574927,0.07888291931954865,0.22658413088316534,0.745994547474432,0.710834945434348,0.8321095744946254,0.6204024882525382,5,1057,
69,45-54,Male,White,Low,Cognitive,Master's,$100k+,Suburban,Northeast,ME,Outer Suburb,Low,iOS,Safari,Satellite,Small,Medium (3-5 pages),Long (> 5 min),Returning,Medium,Divorced,Professional,0.27016366814783616,0.5517266201695255,0.35244906872429804,0.35832765695781243,0.5162599045776503,0.03908340372777712,0.48174535008588754,0.401686736661812,0.319757353303497,0.5544673692158653,0.49802940960145065,0.14821024694232438,0.18841601907722969,0.1603626720468561,0.26646915421662837,0.0681623677410034,0.2153435969861875,0.4115945351673344,0.7595357851070877,0.36142307585936556,0.3169407071393371,4,1151,
70,25-34,Male,Black,Medium,None,Master's,$50k-$75k,Suburban,Midwest,LA,Inner Suburb,Very High,iOS,Chrome,DSL,Large,Medium (3-5 pages),Medium (1-5 min),New,Low,In Relationship,Professional,0.5263867981015032,0.061742697551619576,0.22869701000046117,0.24080309866663735,0.5857756747043449,0.25384697436139386,0.46983936159345524,0.6403075685257057,0.20169178098900925,0.24700121069903636,0.5111682704451128,0.3487525385078618,0.20300465997585518,0.4230367170045194,0.5248877454802658,0.41054186300278056,0.5861288543547379,0.26464621582124526,0.8307645390634895,0.8267062381165168,0.6294968729397811,5,156,
71,55-64,Male,Asian,High,None,High School,$25k-$50k,Urban,Midwest,PA,Inner Suburb,High,Windows,Chrome,5G,Medium,Low (1-2 pages),Medium (1-5 min),Returning,Low,Married,Technical,0.1300550795428462,0.030371999221335013,0.5367505281695787,0.23849224819675405,0.31536087314190003,0.01524598156434908,0.011337854305769182,0.4155138235169018,0.040739953725328376,0.2800105712457098,0.4612555944909305,0.7968558922364379,0.19457192513506244,0.5135975410988637,0.21459436778891294,0.12879148289463038,0.31338022229924495,0.1505814069215184,0.08808953345435853,0.9148967019202485,0.23922241560134325,1,206,0.0
72,25-34,Male,White,High,Cognitive,Some College,$50k-$75k,Urban,West,MI,Town,Very High,Windows,Safari,4G,Large,Low (1-2 pages),Long (> 5 min),Returning,High,Married,Retired,0.15912134022060295,0.12972312708011743,0.2766555046466523,0.26682212827848384,0.24555027361930543,0.807348555430437,0.2912565287502642,0.6207472426218632,0.7868105189919481,0.7372684025999118,0.47710804313235805,0.7706268321250724,0.8347485512957628,0.3351606124856204,0.31579918157983905,0.33291311471212554,0.324871475750117,0.42199153364798525,0.8963615721811878,0.4128880756331847,0.8030905819448122,2,1102,0.0
73,25-34,Male,White,High,None,PhD,$25k-$50k,Urban,Midwest,RI,Small City,Very High,Android,Edge,WiFi,Large,Low (1-2 pages),Short (< 1 min),Returning,Low,Married,Service,0.08994222962612362,0.09521203384689998,0.45400047589801035,0.4958385527890738,0.13985940783842393,0.266371815651756,0.019102470331201694,0.2791050414687908,0.042853636065195266,0.3007551069239237,0.2332233748539065,0.8857717178370611,0.5113482413514265,0.23587083238608406,0.1941468489410864,0.14220253143843398,0.2519922358274679,0.8493245176295887,0.5525933676369686,0.7066092242280552,0.7551127535206037,2,51,0.0
74,45-54,Non-binary,White,Medium,None,Some College,$100k+,Rural,Midwest,NH,Town,Medium,iOS,Safari,Fiber,Medium,Medium (3-5 pages),Medium (1-5 min),Returning,Low,Married,Retired,0.08388611157728393,0.05220924846968676,0.5196641877542726,0.03273756987755276,0.5707228307191669,0.19285015815435078,0.47626847014572565,0.2638709103543727,0.7663771175941074,0.22694014559594924,0.1815946178233318,0.5016014832184201,0.4395831417105354,0.06299646144235017,0.18698030659703269,0.38184527431683546,0.6975336909425363,0.18901635050050752,0.617204053106011,0.5808822826823082,0.7543830098105834,4,233,
75,25-34,Non-binary,Hispanic,Medium,None,High School,$0-$25k,Urban,Midwest,ME,Urban Core,Very High,Windows,Chrome,WiFi,Small,Medium (3-5 pages),Medium (1-5 min),Loyal,Low,In Relationship,Service,0.20027838487384228,0.5884392794324189,0.15117352527750597,0.09622903950810084,0.025340516018220953,0.3191859451694115,0.42610347709754864,0.12250515863849787,0.3211625413179108,0.501358262933787,0.257979924025712,0.15123249431410488,0.27980245991201724,0.0656194170216246,0.421515240650989,0.1850494402740722,0.4176587512380089,0.3848938175714359,0.9585847801484487,0.6699904260359477,0.4602299182875879,3,209,
76,18-24,Non-binary,White,Low,None,Some College,$50k-$75k,Suburban,Southwest,ME,Small City,Low,Windows,Chrome,Fiber,Extra Large,Medium (3-5 pages),Short (< 1 min),Returning,Medium,In Relationship,Sales,0.2914444579741449,0.22254936669109718,0.014161856786025877,0.4632130188113435,0.4321694407136438,0.4657896196318968,0.1174730806724669,0.053597290862027754,0.058160405640765966,0.4985030315629709,0.49301412522036786,0.157263594466561,0.09665054524970615,0.14229935413855646,0.42620443995573376,0.15502308471650178,0.3136144474448029,0.5847341623819152,0.7237880262232294,0.562987951538997,0.03172657037308252,3,26,
77,35-44,Male,Hispanic,Medium,None,Some College,$75k-$100k,Rural,West,ME,Inner Suburb,Very High,Windows,Chrome,4G,Small,Medium (3-5 pages),Short (< 1 min),Returning,High,Married,Student,0.4086572574990605,0.5398838633663755,0.33709291026520866,0.1117537971266531,0.06365333948429924,0.3663539921793817,0.5815513424769396,0.42338502571845904,0.7664138680629324,0.45425770683574374,0.5114256218871829,0.3005275732815509,0.10630100090901103,0.2881256025730836,0.16394842134768506,0.14533934954950956,0.10831923543320114,0.8576961079022746,0.3033823852640785,0.22608990830389525,0.5725068255608976,4,33,
78,45-54,Non-binary,White,High,None,PhD,$25k-$50k,Suburban,West,NH,Inner Suburb,Very High,ChromeOS,Chrome,5G,Medium,Low (1-2 pages),Short (< 1 min),Returning,Medium,Single,Technical,0.26648371543693805,0.6132389669384265,0.1630809775156303,0.10196408406980978,0.08796385820712631,0.5717854559792289,0.3886561253807535,0.1302571460653751,0.6848413026965803,0.44956022893333386,0.07275130761176914,0.6900028535054643,0.149225108414011,0.05975981991314393,0.18804464933634507,0.34398774758457995,0.46091772048200574,0.8024362573348193,0.2607093477132255,0.23409155691824407,0.34122022473710234,2,14,0.0
79,18-24,Female,White,Medium,None,High School,$0-$25k,Rural,Midwest,DC,Outer Suburb,Low,Windows,Firefox,WiFi,Large,Medium (3-5 pages),Long (> 5 min),Loyal,Low,Married,Technical,0.49586362311992865,0.2538664464590083,0.12236647213016452,0.3052021304082278,0.2973036546433174,0.20815401109778864,0.6409435956185778,0.2089705926003481,0.45759946507615196,0.6228796680893426,0.13848251433631273,0.20378110724182263,0.705885961876863,0.047337930498156156,0.31225336446861357,0.36448382013037656,0.47379736519349797,0.07749590138145901,0.6389150532737027,0.7445257525943358,0.4759166396545582,4,348,
80,35-44,Non-binary,Black,High,None,PhD,$25k-$50k,Urban,West,OK,Inner Suburb,Medium,iOS,Edge,WiFi,Medium,Medium (3-5 pages),Medium (1-5 min),Returning,Medium,Single,Service,0.3233360575531507,0.47354825546584856,0.16768763071977746,0.20583727955818967,0.5429401712294967,0.7730795175021754,0.13811926115960035,0.4206224732601721,0.09551883837140902,0.2461842619793944,0.060175973413807,0.08748562000649845,0.26881582184507197,0.09541605974677343,0.19414042921243588,0.2397721910751084,0.04587995091925265,0.2602556573109351,0.8013202430300157,0.5296696480279698,0.6993416636070798,3,149,0.0
81,18-24,Non-binary,Black,Low,None,Master's,$0-$25k,Suburban,Southeast,NY,Outer Suburb,Very Low,Windows,Edge,5G,Medium,Medium (3-5 pages),Short (< 1 min),New,Low,Divorced,Technical,0.01803315991050664,0.19393691997814627,0.1027568354245712,0.4405130798027546,0.15835310691173476,0.05941703952011616,0.607837877587441,0.14095618345238597,0.44998054940191046,0.3420467849194921,0.5568988235108423,0.17194293502233157,0.2861949221218693,0.36234999103846083,0.11473008918797957,0.3412497552115576,0.6415815005413705,0.797219408248496,0.6800588316734311,0.14936452290607638,0.23016722362245665,3,14,
82,35-44,Non-binary,Asian,Medium,Physical,High School,$0-$25k,Suburban,Southeast,ID,Outer Suburb,High,Android,Chrome,4G,Small,Medium (3-5 pages),Short (< 1 min),Returning,Low,Widowed,Technical,0.035192784180708495,0.10097475760886011,0.03721292610947038,0.07275237807262279,0.6029845118655577,0.2489541760011578,0.30386602156996345,0.4747204918139602,0.5046446290019396,0.16358385031558903,0.29104901900115043,0.15857825570445266,1.0,0.1759912484250493,0.7534476620432962,0.24486091061460727,0.25227713799641005,0.30642462238271256,0.8140276060673755,0.23393268069118237,0.6697901658616459,3,37,
83,25-34,Female,Asian,Medium,None,Bachelor's,$50k-$75k,Rural,West,DC,Urban Core,High,Android,Edge,5G,Medium,Low (1-2 pages),Long (> 5 min),Returning,Medium,Married,Unemployed,0.14605330287122656,0.4035476700163427,0.11495222449266299,0.5078951952514076,0.09716746868273152,0.5914281921396879,0.10184048174337944,0.30251257637604617,0.22741122001010677,0.20032749651758408,0.5278157180151913,0.396606444696155,0.252080344547672,0.43410872754272184,0.24855257135628187,0.22849431540494483,0.4763454764765312,0.8811887917383815,0.14798565403918618,0.5216811326920334,0.5511887929397663,1,880,
84,18-24,Female,White,Medium,None,Bachelor's,$100k+,Suburban,Northeast,NY,Inner Suburb,Low,iOS,Safari,WiFi,Large,Low (1-2 pages),Short (< 1 min),Returning,Low,Married,Student,0.06501647149861542,0.09761970581199378,0.21714325626314718,0.7010509257143148,0.17504862076507371,0.04996422662725004,0.33763644405669113,0.8239518076948055,0.3295964134065291,0.11986395223197022,0.42471356157870577,0.3703407594383015,0.411758729951177,0.06948961349773952,0.33949088901774244,0.30002296586024085,0.9435708048949807,0.28717117769059264,0.7845167312822393,0.5954603510589824,0.21329822261631803,1,28,
85,35-44,Female,Other,Medium,Physical,High School,$25k-$50k,Urban,Southeast,DE,Outer Suburb,Very High,iOS,Safari,4G,Small,Low (1-2 pages),Long (> 5 min),Returning,Low,In Relationship,Administrative,0.06734620448436215,0.3490786382147002,0.35692426700570706,0.3459212237179476,0.2538031647503923,0.05480680120666952,0.1281583213689429,0.03763314736326668,0.3640252318913051,0.29721973462845547,0.2317458767869413,0.1686624835408262,0.5016962298804009,0.37045217725986224,0.6042000061726236,0.340116813296395,0.11382073040274157,0.523439148577921,0.6498659766725249,0.6827702203428441,0.9338338379627958,1,518,
86,45-54,Non-binary,White,Medium,None,High School,$100k+,Rural,Northeast,NY,Urban Core,Medium,iOS,Safari,Cable,Small,Medium (3-5 pages),Medium (1-5 min),Returning,Medium,Married,Administrative,0.03214178012277731,0.2515627811258776,0.058918055464543644,0.16769409800044205,0.4694234459740293,0.34166152704311864,0.2129499700928084,0.27409559547116497,0.15831346883607808,0.13842662285529195,0.2490327011556188,0.33815927424100817,0.16640088285919472,0.4775286064810597,0.16234875172480362,0.3273059321244775,0.7569818777196354,0.461596717090354,0.5671236498295423,0.35592040282487786,0.6789607102923907,3,174,
87,35-44,Non-binary,Hispanic,Medium,None,Bachelor's,$100k+,Suburban,Northeast,SD,Outer Suburb,Medium,Windows,Chrome,WiFi,Small,Medium (3-5 pages),Long (> 5 min),Loyal,Low,In Relationship,Unemployed,0.12510082824773597,0.3951764120575251,0.03705958356357906,0.3708503500051875,0.06437847225412564,0.38061403535685684,0.45823473651830016,0.08134937912841228,0.11396910180552232,0.226261149591903,0.4058949790868191,0.07162992477405052,0.14181864781446213,0.30963822397088836,0.3053770483769826,0.47580983662560034,0.2738086413922005,0.3222508526339327,0.19165972294194022,0.7076961115171425,0.5092740263953722,4,1137,
88,18-24,Male,Hispanic,Medium,None,Master's,$0-$25k,Urban,Southwest,VT,Inner Suburb,Very High,Android,Chrome,5G,Large,Medium (3-5 pages),Medium (1-5 min),New,Medium,Single,Retired,0.0769082680435479,0.46618131104731925,0.5589458747217357,0.11416040007261953,0.3531446307610103,0.24353843921658486,0.288759747024101,0.1909574049107375,0.2635026516624778,0.10300632769824265,0.1733577640681946,0.2382892375364204,0.39064012012753735,0.3159182289753935,0.7223341129082242,0.2382807528080957,0.4673889440581716,0.8202900717405932,0.6144802503111204,0.28004451968793864,0.5038848191065306,5,165,
89,65+,Male,Hispanic,Medium,None,High School,$0-$25k,Urban,West,MN,Outer Suburb,Very Low,Android,Safari,WiFi,Medium,Medium (3-5 pages),Short (< 1 min),Returning,High,Single,Service,0.07705417985423409,0.5306596373376032,0.08538113270753929,0.45055726448059563,0.5847450479850465,0.0035279396585792574,0.8531792966021293,0.3485795538049375,0.10860678871521315,0.059250003835009,0.5300679585855183,0.36630392230280423,0.3475121153191999,0.051485022827531236,0.07419956687785932,0.12448794223730827,0.24175778855240693,0.6218991309867273,0.11617721361796209,0.646967308069045,0.3609214825551709,4,14,
90,45-54,Female,Hispanic,Medium,None,High School,$75k-$100k,Suburban,Midwest,TN,Urban Core,High,iOS,Edge,Fiber,Small,Medium (3-5 pages),Long (> 5 min),Loyal,Low,Married,Professional,0.31107043760941966,0.05518694734334301,0.0842020965785374,0.20924363698974177,0.7757581249644622,0.14581678057001304,0.10875927397687421,0.2392789619389377,0.2614831531299371,0.15106780902696537,0.11006107658199973,0.21590674071530724,0.3262612168290102,0.27791519037082396,0.04848657466317885,0.3437930715967633,0.0718885157968688,0.542773117013423,0.32041005872284084,0.5289399032487838,0.4166967391980087,3,846,
91,65+,Female,White,Medium,None,High School,$75k-$100k,Suburban,Midwest,NJ,Town,High,Windows,Chrome,DSL,Medium,Medium (3-5 pages),Long (> 5 min),New,Low,Single,Professional,0.2732859987419503,0.16724220386715055,0.20604236275278937,0.31283830541805213,0.3170739996253501,0.09887433757579796,0.09522907467034594,0.34112481377768145,0.36642053300274163,0.21610522705287036,0.5183617056666293,0.575931818814828,0.49143664683409305,0.34690133133205975,0.3029563098062907,0.21246414915554362,0.3105940243184343,0.4520438281718576,0.41470230817837084,0.47621009474676107,0.4607809929055265,4,451,
92,25-34,Non-binary,Black,High,None,Bachelor's,$50k-$75k,Suburban,Southwest,MD,Urban Core,Medium,iOS,Safari,4G,Large,Medium (3-5 pages),Medium (1-5 min),Returning,Medium,Single,Unemployed,0.39945911367842357,0.059012048001233455,0.3518926157031645,0.23209673398182934,0.5742909840055608,0.24108544618672992,0.28006858584840755,0.061154984157633416,0.09465928565341869,0.14278403566774636,0.2995196073506017,0.4425295823880885,0.2876930397802463,0.22495417970740314,0.46779257127194507,0.0525380004261285,0.5697950145704789,0.593642448363939,0.029881960392183087,0.4760385057231249,0.8234246707836087,4,194,0.0
93,35-44,Non-binary,Indigenous,Low,None,Some College,$50k-$75k,Suburban,Northeast,NY,Small City,High,Android,Safari,4G,Large,Low (1-2 pages),Short (< 1 min),Returning,Medium,Single,Professional,0.19162999091214553,0.05527665799813228,0.11607484463588276,0.1759419861358868,0.012997196489826944,0.05665225704773324,0.23416716020337078,0.40336948920056304,0.1672397269731372,0.002842699722289774,0.15586647799859915,0.04407176785680788,0.2325786826786371,0.37022376779957056,0.23556457954945934,0.173079078141385,0.14249238047016502,0.8246462573516736,0.12846477598128947,0.4686576120277646,0.2616144595473792,2,38,
94,18-24,Non-binary,White,Low,Cognitive,High School,$0-$25k,Suburban,Southeast,NH,Urban Core,Medium,Android,Edge,4G,Small,Low (1-2 pages),Medium (1-5 min),Loyal,Medium,Married,Professional,0.07823783774971023,0.21589247982598667,0.35205464520132396,0.586544298353206,0.21537415011036462,0.13344213345673336,0.6528319469681026,0.3746804402990942,0.13042761133033554,0.06755041298134126,0.45725462448666837,0.10169680111241813,0.5007305704602462,0.1371263497630569,0.37675258362453373,0.586553366425123,0.646500062747357,0.5120963886856784,0.30939266350554717,0.47802092004618363,0.4412902430848792,2,164,
95,25-34,Male,White,High,Sensory,High School,$25k-$50k,Rural,Southeast,NH,Inner Suburb,High,MacOS,Firefox,5G,Large,High (6+ pages),Medium (1-5 min),Returning,Low,Widowed,Professional,0.3092524408827422,0.2472405172190468,0.2266893039884478,0.2942279995082633,0.4418093313794606,0.821393698012745,0.716064878105076,0.19133275122981613,0.5509573185031192,0.4269601721731934,0.21818105589518885,0.44993521588264185,0.5766397219596121,0.5630973217591982,0.26548063880362355,0.4987183238537621,0.1645492774856167,0.2954425165480455,0.6255210685975924,0.17372769160648283,0.6757166547552478,13,78,0.0
96,65+,Female,Hispanic,Medium,None,Some College,$50k-$75k,Rural,Midwest,KY,Urban Core,Medium,Android,Chrome,4G,Medium,Low (1-2 pages),Medium (1-5 min),Returning,Low,In Relationship,Retired,0.15282608826883104,0.3400446547372344,0.2053966545797273,0.15337913554921892,0.21232866136676276,0.6020028853806225,0.3714327948056397,0.3262471143577958,0.3414594735577678,0.1658707934645531,0.24033981077393662,0.7681298393296642,0.7106015368053125,0.19722189135556503,0.4203146078353857,0.14131855257331286,0.15785967805072285,0.32870971646785857,0.853394799381276,0.42902809915583057,0.6704713720354699,2,169,
97,35-44,Female,White,Low,None,High School,$25k-$50k,Rural,Northeast,TN,Outer Suburb,Medium,Android,Edge,WiFi,Small,Medium (3-5 pages),Medium (1-5 min),New,Low,Single,Administrative,0.38056114458253476,0.17705251136578856,0.8168702425213288,0.4850572067987452,0.039744767840488075,0.05454689882968147,0.20070354749870892,0.22201555025678327,0.3286227428011329,0.6374866990788388,0.484388290846267,0.29097991369935355,0.18465124449129156,0.09276521456711277,0.26138231136615897,0.16849584545177285,0.18360893398368552,0.27042797207041164,0.571653116105787,0.5363380856854406,0.5613729742490607,3,290,
98,25-34,Non-binary,Black,Low,Physical,Bachelor's,$50k-$75k,Suburban,Midwest,RI,Outer Suburb,Very High,Windows,Chrome,WiFi,Small,Low (1-2 pages),Medium (1-5 min),Loyal,Low,In Relationship,Management,0.23057862108088964,0.48066555150708307,0.11466953544269276,0.8612140867828691,0.3655648889053446,0.5882523764264865,0.11158120801393152,0.014687324467988557,0.2218902644515727,0.8300043383775398,0.7212471063892437,0.016871264204556816,0.9113455407467006,0.4167500742880393,0.15703510389705058,0.24391199570957905,0.6274558021960869,0.6005828418425276,0.23454754023383417,0.11778375793727797,0.4628963336308858,1,256,
99,35-44,Female,White,Medium,None,Bachelor's,$100k+,Urban,West,MA,Inner Suburb,High,iOS,Opera,WiFi,Medium,Medium (3-5 pages),Medium (1-5 min),Returning,Low,Married,Professional,0.7753779920389013,0.29871174810689566,0.46640157188232295,0.08172734656758718,0.059308067943835564,0.035933455081083074,0.028004556583993426,0.20309525982540527,0.012702290160312373,0.5728590030686329,0.11729407148994572,0.28836696372093634,0.21824471678807078,0.5302624385592473,0.6176897457125707,0.3094338190687173,0.27169338402190957,0.46379801113078256,0.5882556403261421,0.7139670400956282,0.570694933526596,3,105,
